source,dataset,method,precision_pct,recall_pct,f1_pct,time_s
SMD,machine-1-1,k-means,61.8,58.1,59.9,13
SMD,machine-1-1,OCSVM,61.2,56.4,58.7,12
SMD,machine-1-1,MAD-GAN,88.7,78.9,83.5,21
SMD,machine-1-1,OmniAnomaly,89.4,81,85,154
SMD,machine-1-1,USAD,96.1,91.2,93.6,68
SMD,machine-1-1,GDN,78.6,70.3,74.2,20
SMD,machine-1-1,AT,95.8,91.1,93.4,196
SMD,machine-1-1,TranAD,80.3,65.9,72.4,18
SMD,machine-1-1,FuSAGNet,87.1,80.6,83.7,370
SMD,machine-1-1,MTGFlow,91.5,84.2,87.7,162
SMD,machine-1-1,GCAD,95.2,92.4,93.8,120
SMD,machine-1-1,STAMP,65.2,58.2,61.5,35
SMD,machine-1-1,DAMP,67.4,60.9,64,43
SMD,machine-1-1,Ours,96.8,91.2,93.9,111
SMD,machine-1-2,k-means,64.2,53.9,58.6,14
SMD,machine-1-2,OCSVM,58.6,52,55.1,15
SMD,machine-1-2,MAD-GAN,84.2,76.9,80.4,23
SMD,machine-1-2,OmniAnomaly,91.7,82.7,87,177
SMD,machine-1-2,USAD,95.3,91.6,93.4,77
SMD,machine-1-2,GDN,81.4,74.1,77.6,23
SMD,machine-1-2,AT,97.5,92.8,95.1,223
SMD,machine-1-2,TranAD,83.1,72.1,77.2,21
SMD,machine-1-2,FuSAGNet,85.4,77.2,81.1,407
SMD,machine-1-2,MTGFlow,89.6,83.4,86.4,181
SMD,machine-1-2,GCAD,93.1,87.7,90.3,136
SMD,machine-1-2,STAMP,55.1,48,51.3,39
SMD,machine-1-2,DAMP,75.1,71,73,49
SMD,machine-1-2,Ours,97.4,93.9,95.6,127
SMD,machine-1-3,k-means,62.5,59.4,60.9,15
SMD,machine-1-3,OCSVM,63.7,56.4,59.8,14
SMD,machine-1-3,MAD-GAN,90.1,82.3,86,25
SMD,machine-1-3,OmniAnomaly,86.5,79.9,83.1,166
SMD,machine-1-3,USAD,97.2,92.5,94.8,74
SMD,machine-1-3,GDN,80.1,72.8,76.3,21
SMD,machine-1-3,AT,95.8,91.9,93.8,211
SMD,machine-1-3,TranAD,85.2,76.5,80.6,20
SMD,machine-1-3,FuSAGNet,90.2,83.8,86.9,425
SMD,machine-1-3,MTGFlow,94.1,88.9,91.4,174
SMD,machine-1-3,GCAD,94.8,90.7,92.7,129
SMD,machine-1-3,STAMP,68.4,60.7,64.3,42
SMD,machine-1-3,DAMP,65.3,58.1,61.5,47
SMD,machine-1-3,Ours,98.1,96.7,97.4,119
SMD,machine-1-5,k-means,66.1,57.9,61.7,13
SMD,machine-1-5,OCSVM,59.8,54.8,57.2,13
SMD,machine-1-5,MAD-GAN,86.5,82,84.2,22
SMD,machine-1-5,OmniAnomaly,92.8,84.7,88.6,184
SMD,machine-1-5,USAD,96.8,93.9,95.3,71
SMD,machine-1-5,GDN,76.8,69.4,72.9,24
SMD,machine-1-5,AT,97.1,94.3,95.7,235
SMD,machine-1-5,TranAD,82.4,71.4,76.5,19
SMD,machine-1-5,FuSAGNet,84.8,74.8,79.5,391
SMD,machine-1-5,MTGFlow,88.7,80.9,84.6,190
SMD,machine-1-5,GCAD,93.8,89.1,91.4,143
SMD,machine-1-5,STAMP,62.7,57.2,59.8,37
SMD,machine-1-5,DAMP,62.8,54.9,58.6,52
SMD,machine-1-5,Ours,97.6,96,96.8,135
SMD,machine-1-8,k-means,59.4,54.4,56.8,16
SMD,machine-1-8,OCSVM,64.3,57.8,60.9,16
SMD,machine-1-8,MAD-GAN,91.2,84.5,87.7,24
SMD,machine-1-8,OmniAnomaly,90.3,81.3,85.6,172
SMD,machine-1-8,USAD,95.2,90.7,92.9,79
SMD,machine-1-8,GDN,83.7,75.2,79.2,22
SMD,machine-1-8,AT,94.9,91,92.9,218
SMD,machine-1-8,TranAD,87.1,78.7,82.7,23
SMD,machine-1-8,FuSAGNet,89.6,81.6,85.4,448
SMD,machine-1-8,MTGFlow,92.8,86.8,89.7,169
SMD,machine-1-8,GCAD,96.1,93.2,94.6,132
SMD,machine-1-8,STAMP,69.2,63.3,66.1,40
SMD,machine-1-8,DAMP,70.9,62.1,66.2,45
SMD,machine-1-8,Ours,99.1,98.5,98.8,123
SMD,machine-2-1,k-means,65.7,59.6,62.5,14
SMD,machine-2-1,OCSVM,57.2,52,54.5,14
SMD,machine-2-1,MAD-GAN,85.3,78,81.5,20
SMD,machine-2-1,OmniAnomaly,85.7,77.3,81.3,161
SMD,machine-2-1,USAD,97.1,91.9,94.4,73
SMD,machine-2-1,GDN,77.2,70.3,73.6,19
SMD,machine-2-1,AT,96.7,92.3,94.5,204
SMD,machine-2-1,TranAD,79.5,71,75,17
SMD,machine-2-1,FuSAGNet,86.7,78.9,82.6,386
SMD,machine-2-1,MTGFlow,93.2,87.4,90.2,185
SMD,machine-2-1,GCAD,92.7,87.1,89.8,125
SMD,machine-2-1,STAMP,61.4,56.2,58.7,36
SMD,machine-2-1,DAMP,68.3,60,63.9,50
SMD,machine-2-1,Ours,96.5,93,94.7,116
SMD,machine-2-3,k-means,61.2,54.9,57.9,15
SMD,machine-2-3,OCSVM,64.8,58.5,61.5,12
SMD,machine-2-3,MAD-GAN,89.6,81.6,85.4,26
SMD,machine-2-3,OmniAnomaly,91.2,84.5,87.7,190
SMD,machine-2-3,USAD,96.4,91.7,94,66
SMD,machine-2-3,GDN,85.3,77.8,81.4,25
SMD,machine-2-3,AT,98.1,94.8,96.4,229
SMD,machine-2-3,TranAD,84.9,75.5,79.9,22
SMD,machine-2-3,FuSAGNet,91.3,85.5,88.3,418
SMD,machine-2-3,MTGFlow,90.4,82,86,177
SMD,machine-2-3,GCAD,95.1,89.7,92.3,139
SMD,machine-2-3,STAMP,67.3,60.8,63.9,44
SMD,machine-2-3,DAMP,73.8,65.9,69.6,46
SMD,machine-2-3,Ours,98,96.4,97.2,131
SMD,machine-2-4,k-means,67.3,59.6,63.2,13
SMD,machine-2-4,OCSVM,59.4,53.7,56.4,15
SMD,machine-2-4,MAD-GAN,86.8,78.1,82.2,23
SMD,machine-2-4,OmniAnomaly,88.6,79.9,84,175
SMD,machine-2-4,USAD,97,92.3,94.6,81
SMD,machine-2-4,GDN,75.1,67.1,70.9,21
SMD,machine-2-4,AT,94.2,89.1,91.6,241
SMD,machine-2-4,TranAD,86.4,76.8,81.3,20
SMD,machine-2-4,FuSAGNet,85.2,75.8,80.2,455
SMD,machine-2-4,MTGFlow,95.4,91.1,93.2,165
SMD,machine-2-4,GCAD,93.9,87.9,90.8,134
SMD,machine-2-4,STAMP,58.4,53.2,55.7,38
SMD,machine-2-4,DAMP,59.7,52.2,55.7,44
SMD,machine-2-4,Ours,97.1,93.8,95.4,121
SMD,machine-2-5,k-means,58.1,53.3,55.6,17
SMD,machine-2-5,OCSVM,62.1,55.8,58.8,13
SMD,machine-2-5,MAD-GAN,90.7,83.4,86.9,21
SMD,machine-2-5,OmniAnomaly,93.4,86.5,89.8,168
SMD,machine-2-5,USAD,97.3,92.8,95,75
SMD,machine-2-5,GDN,80.4,71.3,75.6,23
SMD,machine-2-5,AT,97.4,94.1,95.7,216
SMD,machine-2-5,TranAD,81.2,70.9,75.7,18
SMD,machine-2-5,FuSAGNet,89.8,80.2,84.7,402
SMD,machine-2-5,MTGFlow,92.1,85.2,88.5,192
SMD,machine-2-5,GCAD,95.6,91.5,93.5,127
SMD,machine-2-5,STAMP,72.5,67.1,69.7,41
SMD,machine-2-5,DAMP,70.4,61.9,65.9,53
SMD,machine-2-5,Ours,98.3,95,96.6,128
SMD,machine-2-6,k-means,63.9,56.2,59.8,14
SMD,machine-2-6,OCSVM,64,56.7,60.1,14
SMD,machine-2-6,MAD-GAN,87.3,81.3,84.2,24
SMD,machine-2-6,OmniAnomaly,89.8,80,84.6,181
SMD,machine-2-6,USAD,95.9,91.6,93.7,70
SMD,machine-2-6,GDN,82.1,74.7,78.2,20
SMD,machine-2-6,AT,95.8,90.7,93.2,225
SMD,machine-2-6,TranAD,88.2,79.1,83.4,21
SMD,machine-2-6,FuSAGNet,86.3,78.1,82,430
SMD,machine-2-6,MTGFlow,90.3,83.8,86.9,171
SMD,machine-2-6,GCAD,94.2,89.3,91.7,141
SMD,machine-2-6,STAMP,64.3,57,60.4,34
SMD,machine-2-6,DAMP,65.1,56.3,60.4,48
SMD,machine-2-6,Ours,99,97.2,98.1,114
SMD,machine-2-7,k-means,68.4,64.1,66.2,16
SMD,machine-2-7,OCSVM,59.2,52.8,55.8,16
SMD,machine-2-7,MAD-GAN,84.1,74.8,79.2,22
SMD,machine-2-7,OmniAnomaly,91.5,83.3,87.2,159
SMD,machine-2-7,USAD,96.8,91.7,94.2,78
SMD,machine-2-7,GDN,76.2,68.1,71.9,24
SMD,machine-2-7,AT,96.9,91.3,94,207
SMD,machine-2-7,TranAD,83,72.9,77.6,19
SMD,machine-2-7,FuSAGNet,91.5,83.8,87.5,374
SMD,machine-2-7,MTGFlow,94.6,89.7,92.1,183
SMD,machine-2-7,GCAD,91.6,85.2,88.3,131
SMD,machine-2-7,STAMP,61.2,54,57.4,43
SMD,machine-2-7,DAMP,75.2,68,71.4,51
SMD,machine-2-7,Ours,96.1,92.8,94.4,133
SMD,machine-2-8,k-means,57.2,52.6,54.8,15
SMD,machine-2-8,OCSVM,63.1,55.9,59.3,13
SMD,machine-2-8,MAD-GAN,89.2,81.2,85,25
SMD,machine-2-8,OmniAnomaly,87.1,77.5,82,173
SMD,machine-2-8,USAD,94.8,91.3,93,72
SMD,machine-2-8,GDN,79.3,70.6,74.7,22
SMD,machine-2-8,AT,97.3,93.4,95.3,232
SMD,machine-2-8,TranAD,85.8,75.3,80.2,24
SMD,machine-2-8,FuSAGNet,82.8,74.8,78.6,421
SMD,machine-2-8,MTGFlow,87.9,79.5,83.5,176
SMD,machine-2-8,GCAD,96,92.5,94.2,137
SMD,machine-2-8,STAMP,69,61.8,65.2,39
SMD,machine-2-8,DAMP,63.9,56.2,59.8,42
SMD,machine-2-8,Ours,98.6,97,97.8,118
SMD,machine-2-9,k-means,64.8,58.3,61.4,13
SMD,machine-2-9,OCSVM,60.7,54.8,57.6,15
SMD,machine-2-9,MAD-GAN,86.2,79.5,82.7,23
SMD,machine-2-9,OmniAnomaly,90.6,81.3,85.7,186
SMD,machine-2-9,USAD,97.5,92.4,94.9,83
SMD,machine-2-9,GDN,84.1,76.7,80.2,26
SMD,machine-2-9,AT,95.1,90,92.5,220
SMD,machine-2-9,TranAD,78.9,69.7,74,20
SMD,machine-2-9,FuSAGNet,87.7,79.1,83.2,396
SMD,machine-2-9,MTGFlow,92.7,87.1,89.8,188
SMD,machine-2-9,GCAD,93.8,88.2,90.9,123
SMD,machine-2-9,STAMP,66.4,59.6,62.8,37
SMD,machine-2-9,DAMP,71.7,63.2,67.2,49
SMD,machine-2-9,Ours,97.8,95.6,96.7,126
SMD,machine-3-1,k-means,60.5,57.4,58.9,14
SMD,machine-3-1,OCSVM,65.3,59.8,62.4,14
SMD,machine-3-1,MAD-GAN,92.4,86,89.1,20
SMD,machine-3-1,OmniAnomaly,86.9,80.4,83.5,164
SMD,machine-3-1,USAD,96.2,91.5,93.8,69
SMD,machine-3-1,GDN,78.1,69.6,73.6,21
SMD,machine-3-1,AT,96.8,93.1,94.9,198
SMD,machine-3-1,TranAD,88.5,80.9,84.5,17
SMD,machine-3-1,FuSAGNet,92.1,86.7,89.3,439
SMD,machine-3-1,MTGFlow,96.1,92.2,94.1,159
SMD,machine-3-1,GCAD,95.3,90.4,92.8,145
SMD,machine-3-1,STAMP,59.1,51.3,54.9,45
SMD,machine-3-1,DAMP,66.4,59,62.5,45
SMD,machine-3-1,Ours,99,97.6,98.3,109
SMD,machine-3-10,k-means,63.1,57.9,60.4,17
SMD,machine-3-10,OCSVM,60.2,53.9,56.9,12
SMD,machine-3-10,MAD-GAN,85.8,79.3,82.4,24
SMD,machine-3-10,OmniAnomaly,92.1,85.4,88.6,179
SMD,machine-3-10,USAD,96.9,91.8,94.3,76
SMD,machine-3-10,GDN,81.5,73.9,77.5,23
SMD,machine-3-10,AT,96.6,91.8,94.2,226
SMD,machine-3-10,TranAD,82.3,75,78.5,22
SMD,machine-3-10,FuSAGNet,81.4,73.1,77,411
SMD,machine-3-10,MTGFlow,84.7,77.1,80.7,179
SMD,machine-3-10,GCAD,96.4,91.2,93.7,130
SMD,machine-3-10,STAMP,70.1,64.7,67.3,40
SMD,machine-3-10,DAMP,73.6,64.8,68.9,54
SMD,machine-3-10,Ours,97.2,93.3,95.2,130
SMD,machine-3-11,k-means,58.8,54.2,56.4,15
SMD,machine-3-11,OCSVM,62.4,56.1,59.1,15
SMD,machine-3-11,MAD-GAN,90.5,81.6,85.8,22
SMD,machine-3-11,OmniAnomaly,89.7,80.8,85,170
SMD,machine-3-11,USAD,97.4,92.9,95.1,73
SMD,machine-3-11,GDN,74.2,65.9,69.8,20
SMD,machine-3-11,AT,95.4,91.9,93.6,214
SMD,machine-3-11,TranAD,85.7,77.7,81.5,19
SMD,machine-3-11,FuSAGNet,89.3,81.8,85.4,383
SMD,machine-3-11,MTGFlow,94.2,89,91.5,187
SMD,machine-3-11,GCAD,92.7,86.7,89.6,135
SMD,machine-3-11,STAMP,65.4,58.8,61.9,36
SMD,machine-3-11,DAMP,61.2,53.2,56.9,47
SMD,machine-3-11,Ours,98.4,96.8,97.6,124
SMD,machine-3-3,k-means,67.5,59.6,63.3,14
SMD,machine-3-3,OCSVM,58.1,51.9,54.8,13
SMD,machine-3-3,MAD-GAN,84.9,77.6,81.1,26
SMD,machine-3-3,OmniAnomaly,91.3,83.8,87.4,192
SMD,machine-3-3,USAD,95.7,91.4,93.5,80
SMD,machine-3-3,GDN,86.2,78.9,82.4,24
SMD,machine-3-3,AT,95.2,92.6,93.9,237
SMD,machine-3-3,TranAD,80.9,71.5,75.9,21
SMD,machine-3-3,FuSAGNet,86.5,79.6,82.9,447
SMD,machine-3-3,MTGFlow,90.8,84.1,87.3,173
SMD,machine-3-3,GCAD,94.9,89.1,91.9,128
SMD,machine-3-3,STAMP,61,56,58.4,42
SMD,machine-3-3,DAMP,69.8,60,64.5,50
SMD,machine-3-3,Ours,96.7,92.6,94.6,137
SMD,machine-3-4,k-means,58.9,51.9,55.2,16
SMD,machine-3-4,OCSVM,63.8,57.9,60.7,16
SMD,machine-3-4,MAD-GAN,89.1,80.5,84.6,23
SMD,machine-3-4,OmniAnomaly,84.8,73.9,79,158
SMD,machine-3-4,USAD,96.5,93,94.7,67
SMD,machine-3-4,GDN,78.5,71.6,74.9,22
SMD,machine-3-4,AT,94.8,89.9,92.3,209
SMD,machine-3-4,TranAD,84.6,74.3,79.1,18
SMD,machine-3-4,FuSAGNet,90.4,78.8,84.2,405
SMD,machine-3-4,MTGFlow,93.1,86.9,89.9,191
SMD,machine-3-4,GCAD,96.2,92.7,94.4,142
SMD,machine-3-4,STAMP,67.3,60.1,63.5,38
SMD,machine-3-4,DAMP,75,66,70.2,46
SMD,machine-3-4,Ours,97.8,96,96.9,115
SMD,machine-3-5,k-means,70.8,67.5,69.1,13
SMD,machine-3-5,OCSVM,60.1,54.9,57.4,14
SMD,machine-3-5,MAD-GAN,91.6,83.2,87.2,21
SMD,machine-3-5,OmniAnomaly,92.5,83.7,87.9,176
SMD,machine-3-5,USAD,95.4,90.5,92.9,75
SMD,machine-3-5,GDN,81.7,71.6,76.3,25
SMD,machine-3-5,AT,96.9,92.8,94.8,221
SMD,machine-3-5,TranAD,89.4,83,86.1,23
SMD,machine-3-5,FuSAGNet,91.2,82.4,86.6,432
SMD,machine-3-5,MTGFlow,89.7,81.5,85.4,167
SMD,machine-3-5,GCAD,93.4,87.8,90.5,126
SMD,machine-3-5,STAMP,60.2,52.7,56.2,41
SMD,machine-3-5,DAMP,65.9,58.2,61.8,52
SMD,machine-3-5,Ours,99,97.8,98.4,122
SMD,machine-3-6,k-means,57.2,51.1,54,15
SMD,machine-3-6,OCSVM,61.7,56.5,59,13
SMD,machine-3-6,MAD-GAN,83.7,76.3,79.8,24
SMD,machine-3-6,OmniAnomaly,90.4,82.4,86.2,183
SMD,machine-3-6,USAD,97,92.3,94.6,78
SMD,machine-3-6,GDN,75.9,69.6,72.6,21
SMD,machine-3-6,AT,97.8,92.7,95.2,230
SMD,machine-3-6,TranAD,79.8,69.7,74.4,20
SMD,machine-3-6,FuSAGNet,84.7,75.4,79.8,398
SMD,machine-3-6,MTGFlow,93.6,87.8,90.6,180
SMD,machine-3-6,GCAD,95.7,89.9,92.7,138
SMD,machine-3-6,STAMP,78.9,62.6,69.8,35
SMD,machine-3-6,DAMP,70.3,61.5,65.6,44
SMD,machine-3-6,Ours,97.5,94,95.7,129
SMD,machine-3-7,k-means,61.7,57.6,59.6,14
SMD,machine-3-7,OCSVM,58.9,52.1,55.3,15
SMD,machine-3-7,MAD-GAN,89.4,81,85,22
SMD,machine-3-7,OmniAnomaly,88.9,81.1,84.8,169
SMD,machine-3-7,USAD,96.3,91.4,93.8,71
SMD,machine-3-7,GDN,83,76.3,79.5,23
SMD,machine-3-7,AT,95.6,91.7,93.6,203
SMD,machine-3-7,TranAD,85.3,76.8,80.8,19
SMD,machine-3-7,FuSAGNet,89.6,81.6,85.4,417
SMD,machine-3-7,MTGFlow,92.5,85.2,88.7,175
SMD,machine-3-7,GCAD,94.1,88.9,91.4,133
SMD,machine-3-7,STAMP,69.7,68.2,68.9,39
SMD,machine-3-7,DAMP,62.4,53.8,57.8,48
SMD,machine-3-7,Ours,98.2,96.2,97.2,117
SMD,machine-3-8,k-means,65.3,60.7,62.9,16
SMD,machine-3-8,OCSVM,60.9,55,57.8,14
SMD,machine-3-8,MAD-GAN,90.8,83.7,87.1,25
SMD,machine-3-8,OmniAnomaly,87.6,81.2,84.3,174
SMD,machine-3-8,USAD,97.1,92.8,94.3,74
SMD,machine-3-8,GDN,73.1,64.1,68.3,22
SMD,machine-3-8,AT,96.7,91.2,93.9,217
SMD,machine-3-8,TranAD,84.2,75.5,79.6,21
SMD,machine-3-8,FuSAGNet,90.1,81.7,85.7,426
SMD,machine-3-8,MTGFlow,91.3,85.5,88.3,184
SMD,machine-3-8,GCAD,93.6,87.4,90.4,121
SMD,machine-3-8,STAMP,66.8,57.8,62,43
SMD,machine-3-8,DAMP,68.1,59.3,63.4,51
SMD,machine-3-8,Ours,96.9,92.4,94.6,125
SMD,machine-3-9,k-means,65.1,60.8,62.9,15
SMD,machine-3-9,OCSVM,64.2,59.4,61.7,13
SMD,machine-3-9,MAD-GAN,88.9,82,85.3,23
SMD,machine-3-9,OmniAnomaly,91.2,81.7,86.2,180
SMD,machine-3-9,USAD,96,91.3,93.6,77
SMD,machine-3-9,GDN,75.1,62.9,68.5,24
SMD,machine-3-9,AT,96.9,94,95.4,224
SMD,machine-3-9,TranAD,84.6,78.6,81.5,22
SMD,machine-3-9,FuSAGNet,84.4,70.6,76.9,413
SMD,machine-3-9,MTGFlow,92.8,82.6,87.4,170
SMD,machine-3-9,GCAD,94.9,82.9,88.5,140
SMD,machine-3-9,STAMP,78.2,68.4,72.9,40
SMD,machine-3-9,DAMP,61.5,52.9,56.9,47
SMD,machine-3-9,Ours,97.4,94.6,96,120
Exathlon,5_1_100000_63-64,k-means,78.4,50.1,61.2,31
Exathlon,5_1_100000_63-64,OCSVM,89.1,56.8,69.4,29
Exathlon,5_1_100000_63-64,MAD-GAN,82.6,43.1,56.7,49
Exathlon,5_1_100000_63-64,OmniAnomaly,92.3,61.7,74,354
Exathlon,5_1_100000_63-64,USAD,88.7,57.1,69.5,157
Exathlon,5_1_100000_63-64,GDN,71.8,35.5,47.6,48
Exathlon,5_1_100000_63-64,AT,82.4,43.8,57.2,462
Exathlon,5_1_100000_63-64,TranAD,79.5,51.2,62.3,43
Exathlon,5_1_100000_63-64,FuSAGNet,65.8,25.8,37,872
Exathlon,5_1_100000_63-64,MTGFlow,78.6,41,53.9,374
Exathlon,5_1_100000_63-64,GCAD,87.4,48,62,281
Exathlon,5_1_100000_63-64,STAMP,91.2,53.6,67.6,77
Exathlon,5_1_100000_63-64,DAMP,85.6,48.2,61.7,101
Exathlon,5_1_100000_63-64,Ours,94.3,59.9,73.2,265
Exathlon,5_1_100000_64-63,k-means,55.6,80.6,65.8,33
Exathlon,5_1_100000_64-63,OCSVM,72.7,81.6,76.9,31
Exathlon,5_1_100000_64-63,MAD-GAN,58.9,75.6,66.2,52
Exathlon,5_1_100000_64-63,OmniAnomaly,68.4,81.8,74.5,382
Exathlon,5_1_100000_64-63,USAD,69.8,81.7,75.3,164
Exathlon,5_1_100000_64-63,GDN,49.7,56.8,53,51
Exathlon,5_1_100000_64-63,AT,58.6,74,65.4,481
Exathlon,5_1_100000_64-63,TranAD,57.3,74,64.6,46
Exathlon,5_1_100000_64-63,FuSAGNet,61.6,41,49.2,911
Exathlon,5_1_100000_64-63,MTGFlow,65.2,62.5,63.8,402
Exathlon,5_1_100000_64-63,GCAD,72.3,64.5,68.2,294
Exathlon,5_1_100000_64-63,STAMP,59.8,72.2,65.4,82
Exathlon,5_1_100000_64-63,DAMP,71.4,62.9,66.9,109
Exathlon,5_1_100000_64-63,Ours,61.9,70.2,65.8,278
SVDB,803,k-means,72.4,48.6,58.1,16
SVDB,803,OCSVM,69.8,47.2,56.3,15
SVDB,803,MAD-GAN,81.5,52.4,63.8,24
SVDB,803,OmniAnomaly,91.2,65.2,76.1,174
SVDB,803,USAD,74.3,46.8,57.5,76
SVDB,803,GDN,92.1,62.5,74.5,24
SVDB,803,AT,94.2,66.8,78.2,226
SVDB,803,TranAD,94.8,61.8,74.8,21
SVDB,803,FuSAGNet,76.8,43.7,55.7,435
SVDB,803,MTGFlow,91.6,59.8,72.3,191
SVDB,803,GCAD,90.8,57.9,70.7,141
SVDB,803,STAMP,95.2,62.3,75.3,39
SVDB,803,DAMP,93.8,61.1,74,51
SVDB,803,Ours,97.1,66.3,78.8,126
SVDB,820,k-means,51.8,62.2,56.5,16
SVDB,820,OCSVM,48.6,65.6,55.8,16
SVDB,820,MAD-GAN,55.2,71.8,62.4,25
SVDB,820,OmniAnomaly,74.6,82.1,78.2,185
SVDB,820,USAD,51.2,68.2,58.5,80
SVDB,820,GDN,80.3,84.7,82.4,25
SVDB,820,AT,71.6,89.5,79.5,241
SVDB,820,TranAD,68.4,91,78.1,23
SVDB,820,FuSAGNet,52.4,73,61,458
SVDB,820,MTGFlow,69.2,84.5,76.1,198
SVDB,820,GCAD,65.7,79.9,72.1,153
SVDB,820,STAMP,70.1,91.9,79.5,42
SVDB,820,DAMP,69.4,95,80.2,54
SVDB,820,Ours,76.4,94.1,84.3,138
SVDB,825,k-means,69.5,55.1,61.5,17
SVDB,825,OCSVM,73.2,51.4,60.4,15
SVDB,825,MAD-GAN,74.8,60.1,66.7,26
SVDB,825,OmniAnomaly,88.5,56.5,68.9,171
SVDB,825,USAD,79.1,48.6,60.2,78
SVDB,825,GDN,89.6,75.7,82.1,23
SVDB,825,AT,91.8,47.6,62.7,229
SVDB,825,TranAD,92.6,77,84.1,22
SVDB,825,FuSAGNet,81.3,66.1,72.9,447
SVDB,825,MTGFlow,87.4,67.8,76.4,184
SVDB,825,GCAD,88.1,63.2,73.6,148
SVDB,825,STAMP,93.4,77.7,84.8,41
SVDB,825,DAMP,91.7,77.5,84,50
SVDB,825,Ours,94.8,82.8,88.4,121
SVDB,827,k-means,57.2,66.4,61.5,16
SVDB,827,OCSVM,55.1,61.7,58.2,16
SVDB,827,MAD-GAN,63.4,69.3,66.2,25
SVDB,827,OmniAnomaly,81.4,63.6,71.4,193
SVDB,827,USAD,59.4,69.9,64.2,82
SVDB,827,GDN,78.2,83.7,80.9,25
SVDB,827,AT,83.7,52.3,64.4,246
SVDB,827,TranAD,90.1,86.1,88,21
SVDB,827,FuSAGNet,61.7,93.4,74.3,472
SVDB,827,MTGFlow,79.6,80.3,80,202
SVDB,827,GCAD,76.4,81.7,78.9,145
SVDB,827,STAMP,89.6,96.7,93,38
SVDB,827,DAMP,81.2,93,86.7,55
SVDB,827,Ours,94.6,97.2,95.9,135
SVDB,842,k-means,71.3,42.6,53.3,17
SVDB,842,OCSVM,78.4,42.4,55,15
SVDB,842,MAD-GAN,74.7,46.2,57.1,24
SVDB,842,OmniAnomaly,84.3,54.7,66.4,179
SVDB,842,USAD,82.6,48.8,61.4,77
SVDB,842,GDN,95.4,66.5,78.4,24
SVDB,842,AT,86.1,52.2,65,235
SVDB,842,TranAD,96.2,67,79,23
SVDB,842,FuSAGNet,85.6,69.1,76.5,425
SVDB,842,MTGFlow,94.7,43.9,60,193
SVDB,842,GCAD,94.2,45.2,61.1,150
SVDB,842,STAMP,97.1,62.9,76.3,43
SVDB,842,DAMP,96.4,64.9,77.5,52
SVDB,842,Ours,98.2,72,83.1,130
SVDB,845,k-means,54.6,65.8,59.7,15
SVDB,845,OCSVM,52.7,67,59,16
SVDB,845,MAD-GAN,51.9,77.2,62.1,26
SVDB,845,OmniAnomaly,68.9,75,71.8,184
SVDB,845,USAD,48.7,72.5,58.3,79
SVDB,845,GDN,63.8,90.9,75,25
SVDB,845,AT,65.4,92.6,76.6,218
SVDB,845,TranAD,64.7,94.1,76.7,20
SVDB,845,FuSAGNet,47.8,78.6,59.4,452
SVDB,845,MTGFlow,62.5,89.4,73.6,188
SVDB,845,GCAD,60.8,85.3,71,139
SVDB,845,STAMP,66.3,94.8,78,40
SVDB,845,DAMP,74.1,91.5,81.9,49
SVDB,845,Ours,72.1,96.7,82.6,119
SVDB,853,k-means,64.8,48.9,55.8,17
SVDB,853,OCSVM,63.9,50.4,56.4,15
SVDB,853,MAD-GAN,72.6,54.3,62.1,25
SVDB,853,OmniAnomaly,86.7,49,62.6,188
SVDB,853,USAD,68.5,51.4,58.8,81
SVDB,853,GDN,86.7,77.7,82,23
SVDB,853,AT,89.3,76.8,82.6,232
SVDB,853,TranAD,88.9,74.2,80.9,22
SVDB,853,FuSAGNet,70.9,53.6,61.1,461
SVDB,853,MTGFlow,85.9,70.4,77.4,201
SVDB,853,GCAD,84.6,65.8,74.1,147
SVDB,853,STAMP,90.4,73.6,81.1,42
SVDB,853,DAMP,88.7,75.9,81.8,53
SVDB,853,Ours,92.7,79.8,85.8,133
SVDB,857,k-means,49.7,69.5,57.9,16
SVDB,857,OCSVM,46.8,68.5,55.6,16
SVDB,857,MAD-GAN,48.3,79.4,60.1,24
SVDB,857,OmniAnomaly,72.3,87.1,79,173
SVDB,857,USAD,45.6,76.6,57.2,75
SVDB,857,GDN,67.4,93.2,78.2,24
SVDB,857,AT,70.2,94.8,80.7,241
SVDB,857,TranAD,69.3,94.9,80.1,21
SVDB,857,FuSAGNet,44.9,80.4,57.6,441
SVDB,857,MTGFlow,67.1,90.4,77,186
SVDB,857,GCAD,64.3,89.1,74.7,152
SVDB,857,STAMP,71.8,95.1,81.8,39
SVDB,857,DAMP,68.3,92.3,78.5,51
SVDB,857,Ours,74.6,96.1,84,124
SVDB,858,k-means,77.1,45.3,57.1,17
SVDB,858,OCSVM,75.6,48.2,58.8,15
SVDB,858,MAD-GAN,88.1,45.6,60.1,26
SVDB,858,OmniAnomaly,95.1,61.4,74.7,191
SVDB,858,USAD,84.2,42.8,56.8,83
SVDB,858,GDN,94.1,61.7,74.6,25
SVDB,858,AT,95.7,68.4,79.8,224
SVDB,858,TranAD,95.4,64.7,77.1,23
SVDB,858,FuSAGNet,88.2,40,55,475
SVDB,858,MTGFlow,93.2,63.2,75.4,197
SVDB,858,GCAD,92.7,58.5,71.7,143
SVDB,858,STAMP,96.3,64.2,77,44
SVDB,858,DAMP,95.2,62.7,75.6,56
SVDB,858,Ours,97.4,72.2,82.9,137
SVDB,864,k-means,61.3,59.4,60.3,16
SVDB,864,OCSVM,59.3,56.4,57.8,15
SVDB,864,MAD-GAN,67.5,64.3,65.9,25
SVDB,864,OmniAnomaly,79.8,77.3,78.5,180
SVDB,864,USAD,63.7,58.1,60.8,78
SVDB,864,GDN,80.5,88.5,84.3,24
SVDB,864,AT,82.4,84.1,83.2,237
SVDB,864,TranAD,83.7,82.1,82.9,20
SVDB,864,FuSAGNet,66.3,60.7,63.4,432
SVDB,864,MTGFlow,78.4,78.1,78.3,192
SVDB,864,GCAD,79.2,75.3,77.2,149
SVDB,864,STAMP,84.5,84.9,84.7,41
SVDB,864,DAMP,82.9,81.3,82.1,50
SVDB,864,Ours,89.1,88.2,88.7,123
SVDB,871,k-means,70.2,51.8,59.6,17
SVDB,871,OCSVM,67.4,52.5,59,16
SVDB,871,MAD-GAN,76.4,57.8,65.8,24
SVDB,871,OmniAnomaly,90.6,66.8,76.9,176
SVDB,871,USAD,77.4,50,60.8,80
SVDB,871,GDN,91.8,67.3,77.7,23
SVDB,871,AT,93.6,70.9,80.7,230
SVDB,871,TranAD,92.1,71.8,80.7,22
SVDB,871,FuSAGNet,79.5,48.7,60.4,449
SVDB,871,MTGFlow,89.8,65.8,76,183
SVDB,871,GCAD,89.4,61.6,73,146
SVDB,871,STAMP,93.8,70.3,80.4,38
SVDB,871,DAMP,92.6,69.2,79.2,54
SVDB,871,Ours,95.8,76.3,85,128
SVDB,872,k-means,53.6,64.7,58.6,15
SVDB,872,OCSVM,51.2,64.8,57.2,15
SVDB,872,MAD-GAN,53.7,74,62.2,26
SVDB,872,OmniAnomaly,70.4,84.7,76.9,187
SVDB,872,USAD,54.1,65.6,59.3,76
SVDB,872,GDN,72.6,88.3,79.7,25
SVDB,872,AT,74.1,91.5,81.9,243
SVDB,872,TranAD,73.8,89.7,81,21
SVDB,872,FuSAGNet,50.6,76.1,60.8,466
SVDB,872,MTGFlow,71.3,86.2,78.1,204
SVDB,872,GCAD,68.5,85.7,76.1,151
SVDB,872,STAMP,75.2,91.6,82.6,43
SVDB,872,DAMP,72.4,89.1,79.9,52
SVDB,872,Ours,79.3,93.7,85.9,131
SVDB,873,k-means,66.9,52.2,58.6,16
SVDB,873,OCSVM,71.1,49.7,58.5,16
SVDB,873,MAD-GAN,70.8,58.4,64,25
SVDB,873,OmniAnomaly,87.3,72.3,79.1,182
SVDB,873,USAD,71.8,53.2,61.1,81
SVDB,873,GDN,88.9,70.4,78.6,24
SVDB,873,AT,90.8,74.2,81.7,221
SVDB,873,TranAD,90.3,75.9,82.5,23
SVDB,873,FuSAGNet,73.4,54,62.3,439
SVDB,873,MTGFlow,86.5,72.7,79,189
SVDB,873,GCAD,85.1,69.8,76.7,144
SVDB,873,STAMP,91.2,75.8,82.8,40
SVDB,873,DAMP,89.8,74.1,81.2,49
SVDB,873,Ours,93.6,81.3,87,125
SVDB,886,k-means,70.2,50.7,58.9,18
SVDB,886,OCSVM,67.4,51.4,58.3,17
SVDB,886,MAD-GAN,76.4,56.1,64.7,25
SVDB,886,OmniAnomaly,90.6,61.4,73.2,171
SVDB,886,USAD,77.4,49,60,78
SVDB,886,GDN,91.8,68,78.1,24
SVDB,886,AT,93.6,64,76,226
SVDB,886,TranAD,92.1,70.4,79.8,21
SVDB,886,FuSAGNet,79.5,51.2,62.3,442
SVDB,886,MTGFlow,89.8,62.4,73.6,186
SVDB,886,GCAD,89.4,58.6,70.8,143
SVDB,886,STAMP,93.8,69.3,79.7,39
SVDB,886,DAMP,92.6,69.3,79.3,53
SVDB,886,Ours,95.8,74.6,83.9,128
SVDB,888,k-means,53.6,63.2,58,14
SVDB,888,OCSVM,51.2,62.8,56.4,14
SVDB,888,MAD-GAN,53.7,70.9,61.1,27
SVDB,888,OmniAnomaly,70.4,76,73.1,184
SVDB,888,USAD,54.1,63.7,58.5,74
SVDB,888,GDN,72.6,89.6,80.2,26
SVDB,888,AT,74.1,80.6,77.2,238
SVDB,888,TranAD,73.8,87.6,80.1,23
SVDB,888,FuSAGNet,50.6,82.8,62.8,471
SVDB,888,MTGFlow,71.3,80.7,75.7,201
SVDB,888,GCAD,68.5,80.5,74,154
SVDB,888,STAMP,75.2,90.2,82,41
SVDB,888,DAMP,72.4,89.4,80,54
SVDB,888,Ours,79.3,94.7,86.3,131
SVDB,894,k-means,66.9,51.2,58,17
SVDB,894,OCSVM,71.1,48.7,57.8,15
SVDB,894,MAD-GAN,70.8,56.6,62.9,24
SVDB,894,OmniAnomaly,87.3,66.4,75.4,179
SVDB,894,USAD,71.8,52,60.3,83
SVDB,894,GDN,88.9,71.1,79,23
SVDB,894,AT,90.8,66.7,76.9,225
SVDB,894,TranAD,90.3,74.4,81.6,22
SVDB,894,FuSAGNet,73.4,57,64.2,435
SVDB,894,MTGFlow,86.5,68.7,76.6,193
SVDB,894,GCAD,85.1,66.2,74.5,147
SVDB,894,STAMP,91.2,74.8,82.2,42
SVDB,894,DAMP,89.8,74.3,81.3,51
SVDB,894,Ours,93.6,80.8,86.7,125
MITDB,103,k-means,76.8,51.2,61.4,22
MITDB,103,OCSVM,82.4,54.6,65.7,20
MITDB,103,MAD-GAN,35.6,14.9,21,33
MITDB,103,OmniAnomaly,94.2,70.8,80.8,243
MITDB,103,USAD,84.3,51.8,64.1,103
MITDB,103,GDN,82.6,48.1,60.8,31
MITDB,103,AT,96.1,67.2,79.1,318
MITDB,103,TranAD,78.6,50.4,61.4,29
MITDB,103,FuSAGNet,89.2,54.3,67.5,594
MITDB,103,MTGFlow,94.1,68.3,79.1,258
MITDB,103,GCAD,95.2,66.1,78,193
MITDB,103,STAMP,86.4,55.2,67.4,54
MITDB,103,DAMP,91.7,57.4,70.6,69
MITDB,103,Ours,98.2,70.4,82,182
MITDB,111,k-means,57.4,72.1,63.9,21
MITDB,111,OCSVM,55.8,78.3,65.2,22
MITDB,111,MAD-GAN,18.4,27.9,22.2,32
MITDB,111,OmniAnomaly,77.4,88.1,82.4,259
MITDB,111,USAD,58.6,79.1,67.3,108
MITDB,111,GDN,56.3,81.6,66.6,34
MITDB,111,AT,79.3,94.2,86.1,302
MITDB,111,TranAD,55.2,79,65,31
MITDB,111,FuSAGNet,64.1,84.1,72.8,611
MITDB,111,MTGFlow,73.5,90.1,81,252
MITDB,111,GCAD,71.3,92.6,80.6,201
MITDB,111,STAMP,62.3,83,71.2,56
MITDB,111,DAMP,67.4,85.9,75.5,72
MITDB,111,Ours,82.4,95.1,88.3,176
MITDB,115,k-means,81.5,48.8,61,23
MITDB,115,OCSVM,79.6,59.1,67.9,21
MITDB,115,MAD-GAN,42.1,13.9,20.9,35
MITDB,115,OmniAnomaly,91.8,67.4,77.7,251
MITDB,115,USAD,88.7,48.3,62.6,105
MITDB,115,GDN,90.2,52.7,66.6,33
MITDB,115,AT,94.8,74.1,83.2,326
MITDB,115,TranAD,86.4,48.8,62.4,30
MITDB,115,FuSAGNet,92.6,55.8,69.7,602
MITDB,115,MTGFlow,91.7,70.4,79.7,266
MITDB,115,GCAD,94.3,78.2,85.5,198
MITDB,115,STAMP,90.1,58.8,71.1,55
MITDB,115,DAMP,93.6,59.9,73,71
MITDB,115,Ours,97.1,82.5,89.2,185
MITDB,117,k-means,63.2,80,70.6,22
MITDB,117,OCSVM,68.3,71.4,69.8,20
MITDB,117,MAD-GAN,29.3,23.5,26.1,34
MITDB,117,OmniAnomaly,83.6,93.8,88.4,246
MITDB,117,USAD,71.4,90.7,79.9,101
MITDB,117,GDN,72.1,77.9,74.9,32
MITDB,117,AT,93.2,95,94.1,311
MITDB,117,TranAD,72.8,85.9,78.8,28
MITDB,117,FuSAGNet,87.3,91.6,89.4,587
MITDB,117,MTGFlow,95.6,90.3,92.9,261
MITDB,117,GCAD,91.6,95.1,93.3,190
MITDB,117,STAMP,77.2,86.4,81.6,53
MITDB,117,DAMP,80.2,87.7,83.8,67
MITDB,117,Ours,96.3,97.2,96.7,179
Daphnet,S08R01E2,k-means,62,39.3,48.1,2.8
Daphnet,S08R01E2,OCSVM,58.9,32.8,42.1,2.7
Daphnet,S08R01E2,MAD-GAN,72.9,44.2,55,4.5
Daphnet,S08R01E2,OmniAnomaly,79.2,58.5,67.3,30.1
Daphnet,S08R01E2,USAD,55,79.1,64.9,13.2
Daphnet,S08R01E2,GDN,67.7,43.1,52.7,4.4
Daphnet,S08R01E2,AT,59.3,63.7,61.4,36.4
Daphnet,S08R01E2,TranAD,50.7,82.5,62.8,3.5
Daphnet,S08R01E2,FuSAGNet,78.2,47.4,59,73
Daphnet,S08R01E2,MTGFlow,75.1,65.2,69.8,35.1
Daphnet,S08R01E2,GCAD,68.3,60.4,64.1,26.1
Daphnet,S08R01E2,STAMP,64.7,50.1,56.5,6.5
Daphnet,S08R01E2,DAMP,51,42.9,46.6,8.1
Daphnet,S08R01E2,Ours,72.9,65.7,69.1,21.4
Daphnet,S09R01E0,k-means,58.8,41,48.3,2.8
Daphnet,S09R01E0,OCSVM,49.4,29.8,37.2,2.6
Daphnet,S09R01E0,MAD-GAN,77.6,43.4,55.7,4.2
Daphnet,S09R01E0,OmniAnomaly,78.7,51.3,62.1,31.8
Daphnet,S09R01E0,USAD,56.7,75.3,64.7,14.1
Daphnet,S09R01E0,GDN,76.7,49.7,60.3,3.8
Daphnet,S09R01E0,AT,65.4,66.4,65.9,39.5
Daphnet,S09R01E0,TranAD,53.5,87.8,66.5,3.8
Daphnet,S09R01E0,FuSAGNet,75,47.8,58.4,74.5
Daphnet,S09R01E0,MTGFlow,69.4,58.2,63.3,29.9
Daphnet,S09R01E0,GCAD,68,58.3,62.8,25.8
Daphnet,S09R01E0,STAMP,50.7,40.6,45.1,7.3
Daphnet,S09R01E0,DAMP,53.5,42.4,47.3,8.4
Daphnet,S09R01E0,Ours,71.9,60.5,65.7,20.8
Daphnet,S09R01E4,k-means,57.8,33.2,42.2,2.6
Daphnet,S09R01E4,OCSVM,52.7,32.4,40.1,2.4
Daphnet,S09R01E4,MAD-GAN,78.2,46.7,58.5,4.6
Daphnet,S09R01E4,OmniAnomaly,84.1,54.2,65.9,29.5
Daphnet,S09R01E4,USAD,51.8,73.9,60.9,12.7
Daphnet,S09R01E4,GDN,76.8,47.8,58.9,3.7
Daphnet,S09R01E4,AT,62.9,62.9,62.9,38.2
Daphnet,S09R01E4,TranAD,52.2,81.4,63.6,3.8
Daphnet,S09R01E4,FuSAGNet,78.6,50.8,61.7,81.5
Daphnet,S09R01E4,MTGFlow,74.3,65.6,69.7,29.1
Daphnet,S09R01E4,GCAD,71.8,60.6,65.7,26.3
Daphnet,S09R01E4,STAMP,61,47.2,53.2,7.1
Daphnet,S09R01E4,DAMP,54.3,43,48,9.5
Daphnet,S09R01E4,Ours,64.4,63.8,64.1,24.5
